{
  "id": 1543455683807,
  "nom": "Projet de Villes",
  "questions": [{
    "qrcode": {
      "id": 1543455706497,
      "title": "Villes Marocaines ?",
      "reponsesUIDs": ["1543455720602", "1543455749774", "1543455761564"],
      "type": "question",
      "color": "#00000"
    }
  }, {
    "qrcode": {
      "id": 1543455713674,
      "title": "Villes Francaises ?",
      "reponsesUIDs": ["1543455732077", "1543455736578", "1543455771922"],
      "type": "question",
      "color": "#00000"
    }
  }, {
    "qrcode": {
      "id": 1543455785879,
      "title": "Capitale de France ?",
      "reponsesUIDs": ["1543455732077"],
      "type": "question",
      "color": "#00000"
    }
  }, {
    "qrcode": {
      "id": 1543455795746,
      "title": "Capitale du Maroc ?",
      "reponsesUIDs": ["1543455749774"],
      "type": "question",
      "color": "#00000"
    }
  }],
  "reponses": [{
    "qrcode": {
      "id": 1543455720602,
      "title": "Marrakech",
      "type": "reponse",
      "color": "#00000"
    }
  }, {
    "qrcode": {
      "id": 1543455727475,
      "title": "New York",
      "type": "reponse",
      "color": "#00000"
    }
  }, {
    "qrcode": {
      "id": 1543455732077,
      "title": "Paris",
      "type": "reponse",
      "color": "#00000"
    }
  }, {
    "qrcode": {
      "id": 1543455736578,
      "title": "Angers",
      "type": "reponse",
      "color": "#00000"
    }
  }, {
    "qrcode": {
      "id": 1543455745321,
      "title": "Los Angeles",
      "type": "reponse",
      "color": "#00000"
    }
  }, {
    "qrcode": {
      "id": 1543455749774,
      "title": "Rabat",
      "type": "reponse",
      "color": "#00000"
    }
  }, {
    "qrcode": {
      "id": 1543455761564,
      "title": "Casablanca",
      "type": "reponse",
      "color": "#00000"
    }
  }, {
    "qrcode": {
      "id": 1543455766769,
      "title": "Londre",
      "type": "reponse",
      "color": "#00000"
    }
  }, {
    "qrcode": {
      "id": 1543455771922,
      "title": "Nantes",
      "type": "reponse",
      "color": "#00000"
    }
  }]
}
